TÍTULO,TÍTULO ORIGINAL,AUTOR,TRADUTOR(A),GÊNERO,PAÍS,LIDO EM,NOTA,FORMATO,PÁGINAS,EDITORA,TAG
O nervo da noite,O nervo da noite,João Gilberto Noll,-,Homem,Brasil,-,2,Livro,48,Scipione,físico
Estrelas Tortas,Estrelas Tortas,Walcyr Carrasco,-,Homem,Brasil,-,5,Livro,104,Moderna,físico
A marca de uma lágrima,A marca de uma lágrima,Pedro Bandeira,-,Homem,Brasil,-,5,Livro,184,Moderna,físico
Amanhecer,Breakdawn,Stephenie Meyer,,Mulher,EUA,-,2,Livro,567,Intrínseca,físico
Para sempre,Evermore,Alyson Noel,,Mulher,EUA,-,3,Livro,255,Intrínseca,físico
Os cientistas e seus experimentos de arromba,Scientists and their mind blowing experiments,Mike Goldsmith,,Homem,EUA,-,2,Livro,192,Cia das Letras,físico
Leonardo da Vinci e seu super cérebro,Leonardo da Vinci and his super-brain,Michael Cox,,Homem,EUA,-,2,Livro,176,Cia das Letras,físico
O exército de um homem só,O exército de um homem só,Moacyr Sciliar,-,Homem,Brasil,-,5,Livro,180,L&PM,físico
Coisas que todas as garotas deveriam saber,Coisas que todas as garotas deveriam saber,Antônio Carlos Vilela,-,Homem,Brasil,-,1,Livro,104,Melhoramentos,físico
Pântano de Sangue,Pântano de Sangue,Pedro Bandeira,-,Homem,Brasil,-,3,Livro,192,Moderna,físico
O seminarista,O seminarista,Bernado Guimarães,-,Homem,Brasil,-,5,Livro,43,Rideel,físico
Ciumento de Carteirinha,Ciumento de Carteirinha,Moacyr Sciliar,-,Homem,Brasil,-,5,Livro,136,Ática,físico
Feliz por nada,Feliz por nada,Martha Medeiros,-,Mulher,Brasil,-,2,Livro,216,L&PM,físico
Corda Bamba,Corda Bamba,Lygia Bojunga,-,Mulher,Brasil,-,5,Livro,34,Italiana,físico
Sermão da Sexagésima,Sermão da Sexagésima,Padre Antônio Vieira,-,Homem,Brasil,-,3,Livro,147,Casa Lygia Bojunga,físico
Retratos de escola,Retratos de escola,Adriano Macedo; et. al,-,Homem,Brasil,-,3,Livro,88,Autêntica,físico
Felicidade Clandestina,Felicidade Clandestina,Clarice Lispector,-,Mulher,Brasil,-,3,Livro,160,Rocco,físico
Pollyanna,Pollyanna,Eleonor H. Porter,,Mulher,EUA,-,4,Livro,80,Escala Educacional,físico
Caderno H,Caderno H,Mário Quintana,-,Homem,Brasil,-,4,Livro,759,Alfaguara,físico
Um amor para recordar,A walk to remember,Nichokas Sparks,,Homem,EUA,-,3,Livro,184,Novo Conceito,físico
Diário de um banana,Diary of Wimpy Kid,Jeff Kinney,,Homem,EUA,-,2,Livro,217,V&R,físico
Garotas da Rua beacon: Piores inimigas/ melhores amigas,Beacon Street Girls: Worst Enimies/ Best Friends,Annie Bryant,,Mulher,EUA,-,3,Livro,254,Fundamento,físico
Ponto de Impacto,Deception Point,Dan Brown,,Homem,EUA,-,5,Livro,448,Sextante,físico
Fazendo meu filme: A estreia de fani,Fazendo meu filme: A estreia de fani,Paula Pimenta,-,Mulher,Brasil,-,3,Livro,336,Gutenberg,físico
Fazendo meu filme: Fani na terra da rainha,Fazendo meu filme: Fani na terra da rainha,Paula Pimenta,-,Mulher,Brasil,-,3,Livro,328,Gutenberg,físico
Fazendo meu filme: O roteiro inesperado de fani,Fazendo meu filme: O roteiro inesperado de fani,Paula Pimenta,-,Mulher,Brasil,-,3,Livro,424,Gutenberg,físico
A infância acabou,A infância acabou,Renato Tapajós,-,Homem,Brasil,-,4,Livro,160,Ática,físico
A barata medrosa e o Coronel Baratinado,A barata medrosa e o Coronel Baratinado,Luzia de Maria,-,Mulher,Brasil,-,4,Livro,32,Scipione,físico
O pequeno príncipe,Le pettit prince,Antoine de Saint-Exupéry,,Homem,França,2013,5,Livro,160,Geração,físico
Assassinatos na Academia Brasileira de Letras,Assassinatos na Academia Brasileira de Letras,Jô Soares,-,Homem,Brasil,2013,4,Livro,256,Cia das Letras,físico
A culpa é das estrelas ,The fault in our stars,John Green,,Homem,EUA,2013,2,Livro,288,Intrínseca,físico
Anna e o beijo francês,Anna and the french kiss,Stephanie Perkins,,Mulher,EUA,2013,3,Livro,288,Novo Conceito,físico
Diva,Diva,José de Alencar,*,Homem,Brasil,2014,3,Livro,120,Ática,físico
Minha vida fora de série 1,Minha vida fora de série 1,Paula Pimenta,-,Mulher,Brasil,2014,3,Livro,408,Gutenberg,físico
Minha vida fora de série 2,Minha vida fora de série 2,Paula Pimenta,-,Mulher,Brasil,2014,5,Livro,424,Gutenberg,físico
O projeto Rosie,The Rosie project,Graeme Simsion,,Homem,Austrália,2014,3,Livro,320,Record,físico
Coraline,Coraline,Neil Gaiman,,Homem,EUA,2014,3,Livro,155,Rocco,físico
Não conte a ninguém,Tell no one,Harlan Coben,,Homem,EUA,2014,3,Livro,322,Arqueiro,físico
Anjos e Demônios,Angels and Demons,Dan Brown,,Homem,EUA,2014,4,Livro,464,Sextante,físico
Maus,Maus,Art Spielgelman,,Homem,EUA,2014,5,HQ,296,Quadrinhos na cia,físico
Desventuras em série: Mau começo,A series of Unfortunate events: Bad Beginning,Lemony Snicket,,Homem,EUA,2014,"4,5",Livro,152,Cia das Letras,físico
Só perguntas erradas: Quem poderia ser uma hora dessas?,All the wrong question: Who could that be at this hour?,Lemony Snicket,,Homem,EUA,2014,"4,5",Livro,235,Seguinte,físico
O semeador de ideias,O semeador de ideias,Augusto Cury,-,Homem,Brasil,2014,"4,5",Livro,272,Acadêmia de Inteligência,físico
A cabana,The shack,William P. Young,,Homem,EUA,2014,5,Livro,240,Sextante,físico
Sweet Tooth: Depois do apocalipse #1,Sweet Tooth: Out of deep woods #1,Jeff Lemire,,Homem,EUA,2014,5,HQ,132,Panini,online
Sweet Tooth: Depois do apocalipse #2,Sweet Tooth: In captivity #2,Jeff Lemire,,Homem,EUA,2014,5,HQ,148,Panini,online
Sweet Tooth: Depois do apocalipse #3,Sweet Tooth: Animal Armies #3,Jeff Lemire,,Homem,EUA,2014,5,HQ,146,Panini,online
Sweet Tooth: Depois do apocalipse #4,Sweet Tooth: Endangered Species #4,Jeff Lemire,,Homem,EUA,2014,5,HQ,180,Panini,online
Sweet Tooth: Depois do apocalipse #5,Sweet Tooth: Unnatural habitats #5,Jeff Lemire,,Homem,EUA,2014,5,HQ,164,Panini,online
A casa das orquídeas,The orchid house,Lucinda Riley,,Mulher,EUA,2014,4,Livro,560,Novo conceito,físico
Extraordinário,Wonder,R. J. Palacio,,Mulher,EUA,2014,5,Livro,320,Intrínseca,físico
Negrinha,Negrinha,Monteiro Lobato,-,Homem,Brasil,2014,3,Livro,212,Globo,físico
As invenções de Hugo Cabret,The invention of Hugo Cabret,Brian Selznick,,Homem,EUA,2014,2,Livro,534,SM,físico
O físico,The physician,Noah Gordon,,Homem,EUA,2014,3,Livro,652,Rocco,físico
Hit-Girl #1,Hit-Girl #1,Mark Millar; John Romita Jr.,,Homem,EUA,2014,3,HQ,25,Trad-mania,online
Kick-Ass #1,Kick-Ass #1,Mark Millar; John Romita Jr.,,Homem,EUA,2014,3,HQ,27,Marvel,online
Kick-Ass #2,Kick-Ass #2,Mark Millar; John Romita Jr.,,Homem,EUA,2014,3,HQ,28,Marvel,online
Kick-Ass #3,Kick-Ass #3,Mark Millar; John Romita Jr.,,Homem,EUA,2014,3,HQ,24,Marvel,online
Kick-Ass #4,Kick-Ass #4,Mark Millar; John Romita Jr.,,Homem,EUA,2014,3,HQ,35,Marvel,online
Kick-Ass #5,Kick-Ass #5,Mark Millar; John Romita Jr.,,Homem,EUA,2014,3,HQ,33,Marvel,online
Kick-Ass #6,Kick-Ass #6,Mark Millar; John Romita Jr.,,Homem,EUA,2014,3,HQ,26,Marvel,online
Kick-Ass #7,Kick-Ass #7,Mark Millar; John Romita Jr.,,Homem,EUA,2014,3,HQ,27,Marvel,online
Kick-Ass #8,Kick-Ass #8,Mark Millar; John Romita Jr.,,Homem,EUA,2014,3,HQ,29,Marvel,online
O triste fim de Policarpo Quaresma,O triste fim de Policarpo Quaresma,Lima Barreto,-,Homem,Brasil,2014,2,Livro,224,Avenida,físico
Filhos do Éden,Filhos do Éden,Eduardo Sphor,-,Homem,Brasil,2014,4,Livro,471,Verus,físico
Ratos,Mice,Gordon Reece,,Homem,EUA,2014,4,Livro,240,Intrínseca,físico
Sonho Azul,Sonho Azul,Luiz Estavam Gonzalez,-,Homem,Brasil,2014,5,Livro,416,Pandorga,físico
Pai contra mãe,Pai contra mãe,Machado de Assis,-,Homem,Brasil,2014,4,Livro,30,Artes e Ofícios,físico
Cidades de Papel,Paper Town,John Green,,Homem,EUA,2014,4,Livro,368,Intrínseca,físico
P.S. Eu te amo,P.S. I love You,Cecelia Ahern,,Mulher,Irlanda,2014,3,Livro,368,Novo Conceito,físico
Esposa 22,Wife 22,Melanie Gideon,,Mulher,EUA,2014,4,Livro,397,Intrínseca,físico
Todo Dia,Every Day,David Levithan,,Homem,EUA,2014,3,Livro,280,Record,físico
A guerra dos tronos,A game of thrones,George R. R. Martin,,Homem,EUA,2014,3,Livro,592,Leya,físico
Corações Feridos,Black heart blue,Louisa Reid,,Mulher,Inglaterra,2014,4,Livro,256,Novo Conceito,físico
Palestina: Na faixa de Gaza,Palestine: In the Gaza strip #2,Joe Sacco,,Homem,Malta,2014,3,HQ,141,Conrad,físico
Sombras da noite,Night Shift,Stephen King,,Homem,EUA,2014,3,Livro,411,Objetiva,físico
Suíte do apocalípse,The umbrella academy,Gerady Way; Gabriel Bá,,Homem,EUA,2015,3,HQ,192,Devir,físico
Azul é a cor mais quente,Le bleu est une couleur chaude,Julie Maroh,,Mulher,França,2015,4,HQ,160,Martins Fontes,físico
Os homens que não amavas as mulheres,Män som hatar kvinnor,Stieg Larsson,,Homem,Suécia,2015,5,Livro,528,Cia das Letras,físico
A menina que brincava com fogo,Flickan som lekte med elden,Stieg Larsson,,Homem,Suécia,2015,5,Livro,608,Cia das Letras,físico
A rainha do castelo de ar,Luftslottet som sprängdes,Stieg Larsson,,Homem,Suécia,2015,5,Livro,688,Cia das Letras,físico
O tempo não pode parar,Time stops for no mouse,Michael Hoeye,,Homem,EUA,2015,4,Livro,286,Rocco,físico
Turma da Mônica: Laços,Turma da Mônica: Laços,Lu Cafaggi; Vitor Cafaggi,-,Ambos,Brasil,2015,3,HQ,84,Panini,online
Valente para sempre,Valente para sempre,Vitor Cafaggi,-,Homem,Brasil,2015,4,HQ,78,Panini,físico
The ghost in the computer,The ghost in the computer,Ricardo Gouveia,-,Homem,Brasil,2015,3,Livro,40,Saraiva,físico
The Last Trick,The last trick,Thelma Guimarães,-,Mulher,Brasil,2015,3,Livro,24,Saraiva,físico
Amor em jogo,Wild Cards,Simone Elkeles,,Mulher,EUA,2015,3,Livro,360,Globo,físico
As gêmeas,The twins,Saskia Sarginson,,Mulher,Inglaterra,2015,4,Livro,320,Novo Conceito,físico
Peter Pan,Peter Pan,James Matthew Barrie,,Homem,Inglaterra,2015,4,Livro,253,Zahar,físico
A seleção,The selection,Kiera Cass,,Mulher,EUA,2015,3,Livro,368,Seguinte,físico
A Elite,The elite,Kiera Cass,,Mulher,EUA,2015,4,Livro,360,Seguinte,físico
A escolha,The One,Kiera Cass,,Mulher,EUA,2015,3,Livro,352,Seguinte,físico
Genética,Genética,Mayana Zats,-,Mulher,Brasil,2015,3,Livro,202,Globo,físico
Daytripper,Daytripper,Fábio Moon; Gabriel Bá,-,Homem,Brasil,2015,5,HQ,258,Panini,físico
Águas Turvas,Águas Turvas,Helder Caldeira,-,Homem,Brasil,2015,3,Livro,272,Quatro cantos,online
São Bernado,São Bernado,Graciliano Ramos,-,Homem,Brasil,2015,5,Livro,272,Record,físico
Retalhos,Blankets,Craig Thompson,,Homem,EUA,2015,3,HQ,592,Cia das Letras,físico
O mágico de Oz ,The wonderful wizard of Oz,L. Frank Baum,,Homem,EUA,2015,3,Livro,224,Zahar,físico
Os meninos dos fantoches de Varsóvia,The puppet boy of Warsaw,Eva Weaver,,Mulher,Inglaterra,2015,4,Livro,398,Novo Conceito,físico
Minha metade silenciosa,Stick,Andrew Smith,,Homem,EUA,2015,3,Livro,304,Gutenberg,físico
Cilada,Caught,Harlan Coben,,Homem,EUA,2015,4,Livro,272,Sextante,físico
O vendendor de sonhos,O vendendor de sonhos,Augusto Cury,-,Homem,Brasil,2015,3,Livro,296,Academia,físico
A última carta de amor,The last letter from your lover,Jojo Moyes,,Mulher,EUA,2015,5,Livro,384,Intrínseca,físico
Sweet Tooth: Depois do apocalipse #6,Sweet Tooth: Wild Game #6,Jeff Lemire,,Homem,EUA,2015,5,HQ,204,Panini,online
A casa do céu,A house in the sky,Amanda Lindout; Sara Cobett,,Mulher,EUA,2016,5,Livro,445,Novo Conceito,físico
"Adeus, China",Mao's Last dancer,Liu Cunxin,,Homem,EUA,2016,3,Livro,400,Fundamento,físico
Cultura: um conceito antropológico,Cultura: um conceito antropológico,Roque de Barros Laraia,-,Homem,Brasil,2016,3,Livro,117,Zahar,físico
Pílulas Azuis,Pilules Bleues,Frederik Peeters,,Homem,Suíça,2016,4,HQ,208,Nemo,físico
Preciosa,Precious,Sapphire,,Mulher,EUA,2016,4,Livro,192,Record,físico
O começo de tudo,The beginning of everything,Robyn Schneider,,Mulher,EUA,2016,3,Livro,288,Novo Conceito,físico
Julieta,Juliet,Anne Fortier,,Mulher,EUA,2016,3,Livro,448,Sextante,físico
Assassin's Creed: Irmandade,Assassin's Creed: Brotherhood,Oliver Bowden,,Homem,Inglaterra,2016,4,Livro,394,Record,físico
Assassin's Creed: Renascença,Assassin's Creed: Renaissance,Oliver Bowden,,Homem,Inglaterra,2016,4,Livro,378,Record,físico
O menino da lista de Schindler,The boy on the wooden box,Leon Leyson,,Homem,Polônia,2016,4,Livro,256,Rocco,físico
V de vingança,V for Vendetta,Alan Moore,,Homem,Inglaterra,2016,5,HQ,308,Panini,físico
Admirável Mundo Novo,Brand New World,Aldous Huxley,,Homem,EUA,2016,4,Livro,312,Biblioteca Azul,físico
Vagabond #1,Vagabond #1,Takehiko Inoue,,Homem,Japão,2016,5,Mangá,256,Panini,físico
Vagabond #2,Vagabond #2,Takehiko Inoue,,Homem,Japão,2016,5,Mangá,248,Panini,físico
Vagabond #3,Vagabond #3,Takehiko Inoue,,Homem,Japão,2016,5,Mangá,232,Panini,físico
Desventuras em série: A sala dos répteis,A series of Unfortunate events: The Reptile Room,Lemony Snicket,,Homem,EUA,2016,"4,5",Livro,184,Cia das Letras,físico
Desventuras em série: O lago das senguessugas,A series of Unfortunate events: The wide window,Lemony Snicket,,Homem,EUA,2016,"4,5",Livro,192,Cia das Letras,físico
Ajin #1,Ajin #1,Sakurai Gamon,,Homem,Japão,2016,"4,5",Mangá,232,Panini,online
Ajin #2,Ajin #2,Sakurai Gamon,,Homem,Japão,2016,"4,5",Mangá,200,Panini,online
Ajin #3,Ajin #3,Sakurai Gamon,,Homem,Japão,2016,"4,5",Mangá,202,Panini,online
Ajin #4,Ajin #4,Sakurai Gamon,,Homem,Japão,2016,"4,5",Mangá,194,Panini,online
Ajin #5,Ajin #5,Sakurai Gamon,,Homem,Japão,2016,"4,5",Mangá,200,Panini,online
Ajin #6,Ajin #6,Sakurai Gamon,,Homem,Japão,2016,"4,5",Mangá,202,Panini,online
Ajin #7,Ajin #7,Sakurai Gamon,,Homem,Japão,2016,"4,5",Mangá,202,Panini,online
Passarinho,Bird,Crystal Chan,,Mulher,EUA,2016,4,Livro,224,Intrínseca,físico
Pequena Abelha,Little Bee,Chris Cleave,,Homem,Inglaterra,2016,5,Livro,272,Intrínseca,físico
Noah foge de casa,Noah Barleywater Runs Away: A fairytale,John Boyne,,Homem,Irlanda,2016,"3,5",Livro,200,Seguinte,físico
"Por favor, cuide da mamãe",Eomma-reul butakhae,Shin Kyung-sook,,Mulher,Coréia do Sul,2016,5,Livro,240,Intrínseca,físico
Watchmen,Watchmen,Alan Moore; Dave Gibbons,,Homem,Inglaterra,2016,5,HQ,436,Panini,físico
Assassin's Creed: A crusada secreta,Assassin's Creed: The secret crusade,Oliver Bowden,,Homem,Inglaterra,2017,5,Livro,336,Record,físico
Vagabond #4,Vagabond #4,Takehiko Inoue,,Homem,Japão,2017,5,Mangá,208,Panini,físico
Vagabond #5,Vagabond #5,Takehiko Inoue,,Homem,Japão,2017,5,Mangá,224,Panini,físico
Vagabond #6,Vagabond #6,Takehiko Inoue,,Homem,Japão,2017,5,Mangá,224,Panini,físico
Vagabond #7,Vagabond #7,Takehiko Inoue,,Homem,Japão,2017,5,Mangá,200,Panini,físico
Vagabond #8,Vagabond #8,Takehiko Inoue,,Homem,Japão,2017,5,Mangá,216,Panini,físico
Another #1,Another #1,Yukito Ayatsuji; Hiro Kiyohara,,Homem,Japão,2017,5,Mangá,194,JBC,online
Another #2,Another #2,Yukito Ayatsuji; Hiro Kiyohara,,Homem,Japão,2017,5,Mangá,194,JBC,online
Another #3,Another #3,Yukito Ayatsuji; Hiro Kiyohara,,Homem,Japão,2017,5,Mangá,194,JBC,online
Another #4,Another #4,Yukito Ayatsuji; Hiro Kiyohara,,Homem,Japão,2017,5,Mangá,194,JBC,online
Umibe no Onnanoko #1,Umibe no Onnanoko #1,Asano Inio,,Homem,Japão,2017,5,Mangá,192,Otha Shuppan,online
Umibe no Onnanoko #2,Umibe no Onnanoko #2,Asano Inio,,Homem,Japão,2017,5,Mangá,216,Otha Shuppan,online
Fazendo meu filme: Fani em busca do final feliz,Fazendo meu filme: Fani em busca do final feliz,Paula Pimenta,-,Mulher,Brasil,2017,3,Livro,608,Gutenberg,físico
Desventuras em série: Serraria Baixo-Astral,A series of Unfortunate Events: The Miserable Mill,Lemony Snicket,,Homem,EUA,2017,"4,5",Livro,176,Cia das Letras,físico
Desventuras em série: Inferno no colégio interno,A series of Unfortunate Events: The austery academy,Lemony Snicket,,Homem,EUA,2017,"4,5",Livro,200,Cia das Letras,físico
"O pato, a morte e a tulipa","Ente, Tod und Tulpe",Wolf Erlbruch,,Homem,Alemanha,2017,5,Livro,32,Cosac Naify,físico
Albertinha e os sapatinhos de lã,Albertina y las zapatillas de lana,Erika Stockholm,,Mulher,Peru,2017,3,Livro,32,Planeta do Brasil,físico
A diaba e sua filha,La Diablesse et son enfant,Marie NDiaye,,Mulher,França,2017,5,Livro,40,Cosac Naify,físico
"Peter Pan, Volume 1",Peter Pan #1,Régis Loisel,,Homem,França,2017,4,HQ,112,Nemo,físico
"Peter Pan, Volume 2",Peter Pan #2,Régis Loisel,,Homem,França,2017,4,HQ,120,Nemo,físico
"Peter Pan, Volume 3",Peter Pan #3,Régis Loisel,,Homem,França,2017,4,HQ,104,Nemo,físico
A guerra não tem rosto de mulher,U voyny ne zhenskoe litso,Svetlana Alexijevich,,Mulher,Ucrânia,2017,5,Livro,392,Cia das Letras,físico
Monstros!,Monstros!,Gustavo Duarte,-,Homem,Brasil,2017,3,HQ,88,Quadrinhos na Cia,físico
Esperando Mamãe,Waiting for Mama,Tae-Jun Lee,,Homem,Coréia do Norte,2017,5,Livro,48,SM,físico
Procura-se um marido,Procura-se um marido,Carina Rissi,-,Mulher,Brasil,2017,3,Livro,476,Verus,físico
Sandman: Prelúdios e Noturnos (#1),Preludes & Nocturnes (Sandman #1),Neil Gaiman,,Homem,Inglaterra,2017,5,HQ,240,Globo,físico
Sandman: A casa de bonecas (#2),The Doll's house (Sandman #2),Neil Gaiman,,Homem,Inglaterra,2017,5,HQ,300,Globo,físico
Declínio de um homem,Ningen Shikkaku,Osamu Dazai,,Homem,Japão,2017,5,Livro,152,Estação Liberdade,físico
A revolução dos Bichos,Animal farms,George Orwell,,Homem,Inglaterra,2017,5,Livro,152,Cia das Letras,físico
Clube da Luta,Fight Club,Chuck Palahniuk,,Homem,EUA,2017,5,Livro,270,Leya,físico
Os 13 porquês,Thirteen reasons why,Jay Asher,,Homem,EUA,2017,3,Livro,256,Ática,online
A senhora da magia,The mists of Avalon,Marion Zimmer Bradley,,Mulher,EUA,2017,4,Livro,252,Imago,físico
Em algum lugar nas Estrelas,Navigating Early,Clare Vanderpool,,Mulher,EUA,2017,3,Livro,288,Darkside,físico
Cachalote,Cachalote,Daniel Galera; Rafael Coutinho,-,Homem,Brasil,2017,3,HQ,280,Quadrinhos na Cia,físico
Três sombras,Trois ombres,Cyril Pedrosa,,Homem,França,2017,3,HQ,268,Quadrinhos na Cia,físico
Cartas ao Pai,Brief an den Vater,Franz Kafka,,Homem,República Tchéquia,2017,5,Livro,80,Cia das Letras,físico
Selma,Selma,Jutta Bauer,,Mulher,Alemanha,2017,4,HQ,56,Cosac Naify,físico
A cor que caiu do céu,The color out of space,H. P. Lovecraft,,Homem,EUA,2017,4,Livro,220,Iluminuras,físico
Lucille,Lucille,Ludovic Debeurme,,Homem,França,2017,4,HQ,544,Barba Negra,físico
Fico à espera,"Moi, j'attends",Davide Calì; Serge Bloch,,Homem,Suíça,2017,4,HQ,56,Cosac Naify,físico
Assassination Classroom #1,Assassination Classroom #1,Yusei Matsui,,Homem,Japão,2017,5,Mangá,192,Panini,físico
Assassination Classroom #2,Assassination Classroom #2,Yusei Matsui,,Homem,Japão,2017,5,Mangá,202,Panini,físico
Assassination Classroom #3,Assassination Classroom #3,Yusei Matsui,,Homem,Japão,2017,5,Mangá,202,Panini,físico
Assassination Classroom #4,Assassination Classroom #4,Yusei Matsui,,Homem,Japão,2017,5,Mangá,192,Panini,físico
Assassination Classroom #5,Assassination Classroom #5,Yusei Matsui,,Homem,Japão,2017,5,Mangá,192,Panini,físico
O tigre de sharpe,Sharpe's tiger,Bernard Cornwell,,Homem,Inglaterra,2017,4,Livro,406,Record,físico
Demian,Die Geschichte einer Jugend,Hermann Hesse,,Homem,Alemanha,2017,5,Livro,187,Record,físico
O cemitério,Pet Sematary,Stephen King,,Homem,EUA,2017,5,Livro,424,Suma,físico
Bonsai,Bonsái,Alejandro Zambra,,Homem,Chile,2017,3,Livro,96,Cosac Naify,físico
A Grande Rainha,The forest house,Marion Zimmer Bradley,,Mulher,EUA,2017,4,Livro,232,Imago,físico
O nome do vento,The name of the wind,Patrick Rothfuss,,Homem,EUA,2017,4,Livro,656,Arqueiro,físico
Scott Pilgrim contra o mundo vol.01,Scott Pilgrim against the world vol.01,Bryan Lee O'Maley,,Homem,EUA,2017,4,HQ,368,Quadrinhos na cia,físico
O chamado de Cthulhu e outros contos,The call of cthulhu,H. P. Lovecraft,,Homem,EUA,2017,4,Livro,166,Hedra,físico
Sandman: Fim dos mundos,Sandman: World's End #8,Neil Gaiman,,Homem,Inglaterra,2017,5,HQ,176,Conrad,físico
 Hellblazer: Raízes da Coincidência,Hellblazer: Roots of coincidence,Andy Diggle,,Homem,EUA,2017,4,HQ,180,Panini,físico
Black kiss,Black Kiss,Howard Chaykin,,Homem,EUA,2017,4,HQ,152,Devir,online
O fantasma de Anya,Anya's Ghost,Vera Brosgol,,Mulher,Rússia,2017,4,HQ,224,Jangada,físico
Lúcifer,Lucifer vol.01: Devil in the gateway,Mike Carey,,Homem,EUA,2017,3,HQ,164,Panini,físico
Caixa de pássaros,Bird Box,Josh Malerman,,Homem,EUA,2017,3,Livro,272,Intrínseca,físico
Akira #1,Akira #1,Katsuhiro Otomo,,Homem,Japão,2017,5,Mangá,364,JBC,online
Akira #2,Akira #2,Katsuhiro Otomo,,Homem,Japão,2017,5,Mangá,304,JBC,online
Akira #3,Akira #3,Katsuhiro Otomo,,Homem,Japão,2017,5,Mangá,288,JBC,online
Akira #4,Akira #4,Katsuhiro Otomo,,Homem,Japão,2017,5,Mangá,392,JBC,online
Parasita #1,Parasyte #1,Hitoshi Iwaaki,,Homem,Japão,2017,4,Mangá,232,JBC,físico
Parasita #2,Parasyte #2,Hitoshi Iwaaki,,Homem,Japão,2017,4,Mangá,222,JBC,físico
Parasita #3,Parasyte #3,Hitoshi Iwaaki,,Homem,Japão,2017,4,Mangá,224,JBC,físico
Parasita #4,Parasyte #4,Hitoshi Iwaaki,,Homem,Japão,2017,4,Mangá,216,JBC,físico
Parasita #5,Parasyte #5,Hitoshi Iwaaki,,Homem,Japão,2017,4,Mangá,216,JBC,físico
Parasita #6,Parasyte #6,Hitoshi Iwaaki,,Homem,Japão,2017,4,Mangá,222,JBC,físico
Parasita #7,Parasyte #7,Hitoshi Iwaaki,,Homem,Japão,2017,4,Mangá,240,JBC,físico
Elfen Lied #1,Elfen Lied #1,Lynn Okamoto,,Homem,Japão,2018,4,Mangá,220,Panini,online
Elfen Lied #2,Elfen Lied #2,Lynn Okamoto,,Homem,Japão,2018,4,Mangá,234,Panini,online
Elfen Lied #3,Elfen Lied #3,Lynn Okamoto,,Homem,Japão,2018,4,Mangá,226,Panini,online
Elfen Lied #4,Elfen Lied #4,Lynn Okamoto,,Homem,Japão,2018,4,Mangá,226,Panini,online
Elfen Lied #5,Elfen Lied #5,Lynn Okamoto,,Homem,Japão,2018,4,Mangá,234,Panini,online
Elfen Lied #6,Elfen Lied #6,Lynn Okamoto,,Homem,Japão,2018,4,Mangá,234,Panini,online
Elfen Lied #7,Elfen Lied #7,Lynn Okamoto,,Homem,Japão,2018,4,Mangá,200,Panini,online
Elfen Lied #8,Elfen Lied #8,Lynn Okamoto,,Homem,Japão,2018,4,Mangá,200,Panini,online
Elfen Lied #9,Elfen Lied #9,Lynn Okamoto,,Homem,Japão,2018,4,Mangá,200,Panini,online
Elfen Lied #10,Elfen Lied #10,Lynn Okamoto,,Homem,Japão,2018,4,Mangá,200,Panini,online
Elfen Lied #11,Elfen Lied #11,Lynn Okamoto,,Homem,Japão,2018,4,Mangá,200,Panini,online
Elfen Lied #12,Elfen Lied #12,Lynn Okamoto,,Homem,Japão,2018,4,Mangá,200,Panini,online
Uma metamorfose Irariana,Une métamorphose iranienne,Mana Neyestani,,Homem,Irã,2018,3,HQ,208,Nemo,físico
Príncipe dos Espinhos,Prince of Thorns,Mark Lawrence,,Homem,EUA,2018,4,Livro,364,Darkside,físico
Oldboy #1,Oldboy #1,"Garon Tsuchiya, Nobuaki Minegishi",,Homem,Japão,2018,3,Mangá,228,Nova Sampa,online
Oldboy #2,Oldboy #2,"Garon Tsuchiya, Nobuaki Minegishi",,Homem,Japão,2018,3,Mangá,226,Nova Sampa,online
Oldboy #3,Oldboy #3,"Garon Tsuchiya, Nobuaki Minegishi",,Homem,Japão,2018,3,Mangá,226,Nova Sampa,online
Oldboy #4,Oldboy #4,"Garon Tsuchiya, Nobuaki Minegishi",,Homem,Japão,2018,3,Mangá,226,Nova Sampa,online
Oldboy #5,Oldboy #5,"Garon Tsuchiya, Nobuaki Minegishi",,Homem,Japão,2018,3,Mangá,200,Nova Sampa,online
Oldboy #6,Oldboy #6,"Garon Tsuchiya, Nobuaki Minegishi",,Homem,Japão,2018,3,Mangá,200,Nova Sampa,online
Oldboy #7,Oldboy #7,"Garon Tsuchiya, Nobuaki Minegishi",,Homem,Japão,2018,3,Mangá,192,Nova Sampa,online
Oldboy #8,Oldboy #8,"Garon Tsuchiya, Nobuaki Minegishi",,Homem,Japão,2018,3,Mangá,211,Nova Sampa,online
Ninguém vira adulto de verdade,Adulthood is a myth,Sarah Anderssen,,Mulher,EUA,2018,3,HQ,120,Seguinte,físico
Vagabond #9,Vagabond #9,Takehiko Inoue,,Homem,Japão,2018,5,Mangá,208,Panini,físico
Blood+ #1,Blood+ #1,Asuka Katsura,,Mulher,Japão,2018,3,Mangá,207,Panini,online
Abaara #1,Abaara #1,Tsutomu Nihiei,,Homem,Japão,2018,3,Mangá,200,Panini,online
Abaara #2,Abaara #2,Tsutomu Nihiei,,Homem,Japão,2018,2,Mangá,160,Panini,online
Có & Birds!,Có & Birds!,Gustavo Duarte,-,Homem,Brasil,2018,3,HQ,80,Quadrinhos na Cia,físico
Bitter Virgin #1,Bitter Virgin #1,Kusunoki Kei,,Mulher,Japão,2018,4,Mangá,210,Square Enix,online
Bitter Virgin #2,Bitter Virgin #2,Kusunoki Kei,,Mulher,Japão,2018,4,Mangá,210,Square Enix,online
Bitter Virgin #3,Bitter Virgin #3,Kusunoki Kei,,Mulher,Japão,2018,4,Mangá,210,Square Enix,online
Bitter Virgin #4,Bitter Virgin #4,Kusunoki Kei,,Mulher,Japão,2018,4,Mangá,210,Square Enix,online
Orange #1,Orange #1,Ichigo Takano,,Mulher,Japão,2018,4,Mangá,224,JBC,online
Orange #2,Orange #2,Ichigo Takano,,Mulher,Japão,2018,4,Mangá,208,JBC,online
Orange #3,Orange #3,Ichigo Takano,,Mulher,Japão,2018,4,Mangá,200,JBC,online
Orange #4,Orange #4,Ichigo Takano,,Mulher,Japão,2018,4,Mangá,200,JBC,online
Orange #5,Orange #5,Ichigo Takano,,Mulher,Japão,2018,4,Mangá,248,JBC,online
Suicide Club,Suicide Club,Usamaru Furuya,,Homem,Japão,2018,3,Mangá,200,NewPop,físico
Pétalas,Pétalas,Gustavo Borges,-,Homem,Brasil,2018,5,HQ,56,Tambor Quadrinhos,físico
O muro,Le muret,Céline Fraipont,,Mulher,Bélgica,2018,5,HQ,192,Nemo,físico
Assassination Classroom #6,Assassination Classroom #6,Yusei Matsui,,Homem,Japão,2018,5,Mangá,200,Panini,físico
Assassination Classroom #7,Assassination Classroom #7,Yusei Matsui,,Homem,Japão,2018,5,Mangá,192,Panini,físico
Assassination Classroom #8,Assassination Classroom #8,Yusei Matsui,,Homem,Japão,2018,5,Mangá,180,Panini,físico
O céu dos suicídas,O céu dos suicídas,Ricardo Lísias,-,Homem,Brasil,2018,3,Livro,192,Alfaguara,físico
Akira #5,Akira #5,Katsuhiro Otomo,,Homem,Japão,2018,5,Mangá,416,JBC,online
Akira #6,Akira #6,Katsuhiro Otomo,,Homem,Japão,2018,5,Mangá,440,JBC,online
5 cm/s #1,Byousoku 5 Centimeter #1,Makoto Shinkai,,Homem,Japão,2018,5,Mangá,240,NewPop,físico
5 cm/s #2 ,Byousoku 5 Centimeter #2,Makoto Shinkai,,Homem,Japão,2018,5,Mangá,240,NewPop,físico
Parasita #8,Parasyte #8,Hitoshi Iwaaki,,Homem,Japão,2018,4,Mangá,224,JBC,físico
Parasita #9,Parasyte #9,Hitoshi Iwaaki,,Homem,Japão,2018,4,Mangá,248,JBC,físico
Parasita #10,Parasyte #10,Hitoshi Iwaaki,,Homem,Japão,2018,4,Mangá,232,JBC,físico
Solanin #1,Solanin #1,Inio Asano,,Homem,Japão,2018,5,Mangá,216,L&PM,físico
Solanin #2,Solanin #2,Inio Asano,,Homem,Japão,2018,5,Mangá,224,L&PM,físico
Kafka à beira-mar,Umibe no Kafuka,Haruki Murakami,,Homem,Japão,2018,4,Livro,576,Alfaguara,físico
A redoma de vidro,The bell jar,Sylvia Plath,,Mulher,EUA,2018,5,Livro,280,Biblioteca Azul,físico
All you need is kill #1,All you need is kill #1,Takeshi Obata,,Homem,Japão,2018,3,Mangá,216,JBC,online
All you need is kill #2,All you need is kill #2,Takeshi Obata,,Homem,Japão,2018,3,Mangá,216,JBC,online
Blacksad #1,Blacksad #1,Juan Díaz Canales; Juanjo Guarnido,,Homem,Espanha,2018,4,HQ,50,Sesi-SP,online
Blacksad #2,Blacksad #2,Juan Díaz Canales; Juanjo Guarnido,,Homem,Espanha,2018,4,HQ,60,Sesi-SP,online
Blacksad #3,Blacksad #3,Juan Díaz Canales; Juanjo Guarnido,,Homem,Espanha,2018,4,HQ,62,Sesi-SP,online
Blacksad #4,Blacksad #4,Juan Díaz Canales; Juanjo Guarnido,,Homem,Espanha,2018,5,HQ,56,Sesi-SP,online
Blacksad #5,Blacksad #5,Juan Díaz Canales; Juanjo Guarnido,,Homem,Espanha,2018,4,HQ,56,Sesi-SP,online
Suicidas,Suicidas,Raphael Montes,,Homem,Brasil,2018,2,Livro,432,Cia das Letras,físico
Eden: It's an endless world #1,Eden: It's an endless world #1,Hiroki Endo,,Homem,Japão,2018,5,Mangá,434,JBC,online
Eden: It's an endless world #2,Eden: It's an endless world #2,Hiroki Endo,,Homem,Japão,2018,5,Mangá,450,JBC,online
Eden: It's an endless world #3,Eden: It's an endless world #3,Hiroki Endo,,Homem,Japão,2018,5,Mangá,456,JBC,online
Eden: It's an endless world #4,Eden: It's an endless world #4,Hiroki Endo,,Homem,Japão,2018,5,Mangá,448,JBC,online
Eden: It's an endless world #5,Eden: It's an endless world #5,Hiroki Endo,,Homem,Japão,2018,5,Mangá,450,JBC,online
Eden: It's an endless world #6,Eden: It's an endless world #6,Hiroki Endo,,Homem,Japão,2018,5,Mangá,456,JBC,online
Eden: It's an endless world #7,Eden: It's an endless world #7,Hiroki Endo,,Homem,Japão,2018,5,Mangá,464,JBC,online
Eden: It's an endless world #8,Eden: It's an endless world #8,Hiroki Endo,,Homem,Japão,2018,5,Mangá,456,JBC,online
Eden: It's an endless world #9,Eden: It's an endless world #9,Hiroki Endo,,Homem,Japão,2018,5,Mangá,510,JBC,online
Capitães da Areia,Capitães da Areia,Jorge Amado,,Homem,Brasil,2018,5,Livro,280,Cia de bolso,físico
O cão que guarda as estrelas,Hoshi Mamoru Inu,Takashi Murakami,,Homem,Japão,2018,"4,5",Mangá,132,JBC,físico
Hideout,Hideout,Masasumi Kakizaki,,Homem,Japão,2018,3,Mangá,224,Panini,online
Yu Yu Hakusho #1,Yu Yu Hakusho #1,Yoshihiro Togashi,,Homem,Japão,2018,3,Mangá,200,JBC,online
Yu Yu Hakusho #2,Yu Yu Hakusho #2,Yoshihiro Togashi,,Homem,Japão,2018,3,Mangá,200,JBC,online
Yu Yu Hakusho #3,Yu Yu Hakusho #3,Yoshihiro Togashi,,Homem,Japão,2018,3,Mangá,192,JBC,online
Yu Yu Hakusho #4,Yu Yu Hakusho #4,Yoshihiro Togashi,,Homem,Japão,2018,3,Mangá,192,JBC,online
Yu Yu Hakusho #5,Yu Yu Hakusho #5,Yoshihiro Togashi,,Homem,Japão,2018,3,Mangá,208,JBC,online
Yu Yu Hakusho #6,Yu Yu Hakusho #6,Yoshihiro Togashi,,Homem,Japão,2018,3,Mangá,208,JBC,online
Yu Yu Hakusho #7,Yu Yu Hakusho #7,Yoshihiro Togashi,,Homem,Japão,2018,3,Mangá,200,JBC,online
Yu Yu Hakusho #8,Yu Yu Hakusho #8,Yoshihiro Togashi,,Homem,Japão,2018,3,Mangá,192,JBC,online
Yu Yu Hakusho #9,Yu Yu Hakusho #9,Yoshihiro Togashi,,Homem,Japão,2018,3,Mangá,192,JBC,online
Yu Yu Hakusho #10,Yu Yu Hakusho #10,Yoshihiro Togashi,,Homem,Japão,2018,3,Mangá,208,JBC,online
Yu Yu Hakusho #11,Yu Yu Hakusho #11,Yoshihiro Togashi,,Homem,Japão,2018,3,Mangá,192,JBC,online
Yu Yu Hakusho #12,Yu Yu Hakusho #12,Yoshihiro Togashi,,Homem,Japão,2018,3,Mangá,192,JBC,online
Yu Yu Hakusho #13,Yu Yu Hakusho #13,Yoshihiro Togashi,,Homem,Japão,2018,3,Mangá,192,JBC,online
Yu Yu Hakusho #14,Yu Yu Hakusho #14,Yoshihiro Togashi,,Homem,Japão,2018,3,Mangá,208,JBC,online
Yu Yu Hakusho #15,Yu Yu Hakusho #15,Yoshihiro Togashi,,Homem,Japão,2018,3,Mangá,208,JBC,online
Yu Yu Hakusho #16,Yu Yu Hakusho #16,Yoshihiro Togashi,,Homem,Japão,2018,3,Mangá,208,JBC,online
Yu Yu Hakusho #17,Yu Yu Hakusho #17,Yoshihiro Togashi,,Homem,Japão,2018,3,Mangá,208,JBC,online
Yu Yu Hakusho #18,Yu Yu Hakusho #18,Yoshihiro Togashi,,Homem,Japão,2018,3,Mangá,192,JBC,online
Yu Yu Hakusho #19,Yu Yu Hakusho #19,Yoshihiro Togashi,,Homem,Japão,2018,3,Mangá,192,JBC,online
Hellboy #1,Hellboy #1,Mike Mignolia,,Homem,EUA,2018,3,HQ,34,Darkorse,online
Hellboy #2,Hellboy #2,Mike Mignolia,,Homem,EUA,2018,3,HQ,52,Darkorse,online
Hellboy #3,Hellboy #3,Mike Mignolia,,Homem,EUA,2018,3,HQ,128,Darkorse,online
Hellboy #4,Hellboy #4,Mike Mignolia,,Homem,EUA,2018,3,HQ,29,Darkorse,online
O iluminado,The shining,Stephen King,,Homem,EUA,2018,4,Livro,463,Suma,físico
Sin City #1,Sin City #1,Frank Miller,,Homem,EUA,2018,4,HQ,36,Pandora,online
Sin City #2,Sin City #2,Frank Miller,,Homem,EUA,2018,4,HQ,208,Devir,online
Sin City #3,Sin City #3,Frank Miller,,Homem,EUA,2018,4,HQ,192,Pandora,online
Ângulo de vista,Ângulo de vista,Rafael Fritzen,-,Homem,Brasil,2018,3,HQ,68,Pulp,físico
Despacho,Despacho,Frenando Barone; Samuel Sajo; Alessio Esteves; et al.,-,Homem,Brasil,2018,"3,5",HQ,100,Draco,físico
Fábulas #1,Fable #1,Bill Willingham,,Homem,EUA,2018,"2,5",HQ,132,Panini,online
Hilda ,Hilda,Luke Pearson,,Homem,Inglaterra,2018,3,HQ,40,Quadrinhos na Cia,físico
Hilda e o gigante,Hilda and the giant,Luke Pearson,,Homem,Inglaterra,2018,3,HQ,56,Quadrinhos na Cia,físico
Aâma #1,Aâma #1,Frederik Peeters,,Homem,Suíça,2018,4,HQ,88,Nemo,online
O colecionador,The collector,John Fowles,,Homem,Inglaterra,2018,5,Livro,234,Abril Cultural,físico
Monster #1,Monster #1,Naoki Urasawa,,Homem,Japão,2018,5,Mangá,226,Panini,online
Monster #2,Monster #2,Naoki Urasawa,,Homem,Japão,2018,5,Mangá,218,Panini,online
Monster #3,Monster #3,Naoki Urasawa,,Homem,Japão,2018,5,Mangá,210,Panini,online
Monster #4,Monster #4,Naoki Urasawa,,Homem,Japão,2018,5,Mangá,210,Panini,online
Monster #5,Monster #5,Naoki Urasawa,,Homem,Japão,2018,5,Mangá,226,Panini,online
Monster #6,Monster #6,Naoki Urasawa,,Homem,Japão,2018,5,Mangá,200,Panini,online
Monster #7,Monster #7,Naoki Urasawa,,Homem,Japão,2018,5,Mangá,218,Panini,online
Monster #8,Monster #8,Naoki Urasawa,,Homem,Japão,2018,5,Mangá,210,Panini,online
Monster #9,Monster #9,Naoki Urasawa,,Homem,Japão,2018,5,Mangá,210,Panini,online
Monster #10,Monster #10,Naoki Urasawa,,Homem,Japão,2018,5,Mangá,210,Panini,online
Monster #11,Monster #11,Naoki Urasawa,,Homem,Japão,2018,5,Mangá,210,Panini,online
Monster #12,Monster #12,Naoki Urasawa,,Homem,Japão,2018,5,Mangá,210,Panini,online
Monster #13,Monster #13,Naoki Urasawa,,Homem,Japão,2018,5,Mangá,218,Panini,online
Monster #14,Monster #14,Naoki Urasawa,,Homem,Japão,2018,5,Mangá,210,Panini,online
Monster #15,Monster #15,Naoki Urasawa,,Homem,Japão,2018,5,Mangá,210,Panini,online
Monster #16,Monster #16,Naoki Urasawa,,Homem,Japão,2018,5,Mangá,234,Panini,online
Monster #17,Monster #17,Naoki Urasawa,,Homem,Japão,2018,5,Mangá,226,Panini,online
Monster #18,Monster #18,Naoki Urasawa,,Homem,Japão,2018,5,Mangá,258,Panini,online
O último adeus,The last time we say goodbye,Cynthia Hand,,Mulher,EUA,2018,4,Livro,362,Darkside,físico
Drácula,Dracula,Bram Stoker,,Homem,Inglaterra,2018,"3,5",Livro,448,Nova Fronteira,físico
Frankenstein,Frankenstein,Mary Shelley,,Mulher,Inglaterra,2018,4,Livro,240,Nova Fronteira,físico
Sweeney Todd,Sweeney Todd,Thomas Peckett Prest,,Homem,Inglaterra,2018,4,Livro,320,Wish,físico
Misery,Misery,Stephen King,,Homem,EUA,2018,4,Livro,326,Suma,físico
A metamorfose,Die Verwandlung,Franz Kafka,,Homem,República Tchéquia,2018,"3,5",Livro,80,Itatiaia,físico
Encarcerados,Lockdown,Alexander Gordon Smith,,Homem,EUA,2018,"3,5",Livro,294,Benvirá,ebook
Quarto de despejo,Quarto de despejo,Carolina Maria de Jesus,-,Mulher,Brasil,2019,5,Livro,184,Edibolso,físico
Solitária,Solitary,Alexander Gordon Smith,,Homem,EUA,2019,3,Livro,264,Benvirá,ebook
Crianças Lobo,Ookami Kodomo no Ame to Yuki ,Mamoru Hosada,,Homem,Japão,2019,4,Mangá,528,Yen Press,online
Garota Interrompida,"Girl, Interrupted",Susana Kaysen,,Mulher,EUA,2019,3,Livro,189,Única,ebook
Uzumaki #1,Uzimaki #1,Junji Ito,,Homem,Japão,2019,"3,5",Mangá,205,Conrad,online
Uzumaki #2,Uzimaki #2,Junji Ito,,Homem,Japão,2019,"3,5",Mangá,203,Conrad,online
Uzumaki #3,Uzimaki #3,Junji Ito,,Homem,Japão,2019,4,Mangá,252,Conrad,online
Garotos do reservatório,Garotos do reservatório,Celio Cerace; Fábio Cobacio,-,Homem,Brasil,2019,3,HQ,208,Mino,físico
De noite amanheço,De noite amanheço,Michel Ramalho,-,Homem,Brasil,2019,3,HQ,56,Independente,físico
Voragem,Manji,Jun'ichirõ Tanizaki,,Homem,Japão,2019,"3,5",Livro,246,TAG,físico
Fahrenheit 451,Fahrenheit 451,Ray Bradbury,,Homem,EUA,2019,3,Livro,215,Biblioteca Azul,físico
Becos da memória,Becos da Memória,Conceição Evaristo,-,Mulher,Brasil,2019,5,Livro,200,Pallas,físico
Dora,Dora,Bianca Pinheiro,-,Mulher,Brasil,2019,"3,5",HQ,124,Mino,físico
Coração Satânico,Falling Angel,William Hjortsberg,,Homem,EUA,2019,"3,5",Livro,320,Darkside,ebook
Ghost in the shell,Ghost in the shell,Masamune Shirow,,Homem,Japão,2019,3,Mangá,352,JBC,online
Stephen King - A biografia,Haunted heart: The life and times of Stephen King,Lisa Rogak,,Mulher,EUA,2019,5,Livro,320,Darkside,físico
O vendedor de armas,The gun seller,Hugh Laurie,,Homem,EUA,2019,3,Livro,288,Planeta,físico
Quanto você a viu pela última vez,When you see her last?,Lemony Snicket,,Homem,EUA,2019,4,Livro,268,Seguinte,físico
O despertar de Cthulhu,O despertar de Cthulhu,Raphael Fernandes; et. al,-,Homem,Brasil,2019,4,HQ,168,Draco,físico
Sentença de morte,Death Sentence,Alexander Gordon Smith,,Homem,EUA,2019,4,Livro,296,Benvirá,ebook
Depois daquela viagem,Depois daquela viagem,Valéria Polizzi,-,Mulher,Brasil,2019,4,Livro,279,Ática,físico
Olhos d'água,Olhos d'água,Conceição Evaristo,-,Mulher,Brasil,2019,5,Livro,116,Pallas,físico
Confissões do crematório,Smoke gets in your eyes,Caitlin Doughty,,Mulher,EUA,2019,5,Livro,260,Darkside,físico
Pluto #1,Pluto #1,Naoki Urasawa,,Homem,Japão,2019,5,Mangá,200,Panini,online
Pluto #2,Pluto #2,Naoki Urasawa,,Homem,Japão,2019,5,Mangá,208,Panini,online
Pluto #3,Pluto #3,Naoki Urasawa,,Homem,Japão,2019,5,Mangá,200,Panini,online
Pluto #4,Pluto #4,Naoki Urasawa,,Homem,Japão,2019,5,Mangá,200,Panini,online
Pluto #5,Pluto #5,Naoki Urasawa,,Homem,Japão,2019,5,Mangá,200,Panini,online
Pluto #6,Pluto #6,Naoki Urasawa,,Homem,Japão,2019,5,Mangá,200,Panini,online
Pluto #7,Pluto #7,Naoki Urasawa,,Homem,Japão,2019,5,Mangá,200,Panini,online
Pluto #8,Pluto #8,Naoki Urasawa,,Homem,Japão,2019,5,Mangá,258,Panini,online
Coração de Tinta,Tintenherz,Cornelia Funke,,Mulher,Alemanha,2019,4,Livro,456,Seguinte,físico
Vidas Imperfeitas #1,Vidas Imperfeitas #1,Mary Cagnin,-,Mulher,Brasil,2019,"3,5",HQ,36,HQM,físico
Vidas Imperfeitas #2,Vidas Imperfeitas #2,Mary Cagnin,-,Mulher,Brasil,2019,"3,5",HQ,40,HQM,físico
Vidas Imperfeitas #3,Vidas Imperfeitas #3,Mary Cagnin,-,Mulher,Brasil,2019,4,HQ,51,HQM,físico
Vírus Tropical,Virus Tropical,Power Paola,,Mulher,Colômbia,2019,3,HQ,160,Nemo,físico
Um trabalho sujo,A dirty job,Christopher Moore,,Homem,EUA,2019,4,Livro,448,Bertrand,físico
Você não deveria estar na escola,Shouldn't you be in school?,Lemony Snicket,,Homem,EUA,2019,4,Livro,312,Seguinte,físico
Demônios da Goetia,Demônios da Goetia,Diversos autores,-,Homem,Brasil,2019,4,HQ,168,Draco,físico
Por que essa noite é diferente das outras?,Why is this night different from all other nights?,Lemony Snicket,,Homem,EUA,2019,4,Livro,288,Seguinte,físico
Morte em pleno verão,Death in midsummer and other stories,Yukio Mishima,,Homem,Japão,2019,4,Livro,190,Rocco,físico
As meninas,As meninas,Lygia Fagundes Telles,-,Mulher,Brasil,2019,3,Livro,320,Folha de São Paulo,físico
O mestre e Margarida,Мастер и Маргарита,Mikhail Bulgákov,,Homem,Rússia,2019,5,Livro,456,Alfaguara,físico
Neon Genesis Evangelion #1,Neon Geneses Evangelion #1,Yoshiyuki Sadamoto,,Homem,Japão,2019,4,Mangá,100,Conrad,online
Neon Genesis Evangelion #2,Neon Geneses Evangelion #2,Yoshiyuki Sadamoto,,Homem,Japão,2019,4,Mangá,100,Conrad,online
Neon Genesis Evangelion #3,Neon Geneses Evangelion #3,Yoshiyuki Sadamoto,,Homem,Japão,2019,4,Mangá,100,Conrad,online
Neon Genesis Evangelion #4,Neon Geneses Evangelion #4,Yoshiyuki Sadamoto,,Homem,Japão,2019,4,Mangá,100,Conrad,online
Neon Genesis Evangelion #5,Neon Geneses Evangelion #5,Yoshiyuki Sadamoto,,Homem,Japão,2019,4,Mangá,100,Conrad,online
Neon Genesis Evangelion #6,Neon Geneses Evangelion #6,Yoshiyuki Sadamoto,,Homem,Japão,2019,4,Mangá,100,Conrad,online
Neon Genesis Evangelion #7,Neon Geneses Evangelion #7,Yoshiyuki Sadamoto,,Homem,Japão,2019,4,Mangá,100,Conrad,online
Neon Genesis Evangelion #8,Neon Geneses Evangelion #8,Yoshiyuki Sadamoto,,Homem,Japão,2019,4,Mangá,100,Conrad,online
Neon Genesis Evangelion #9,Neon Geneses Evangelion #9,Yoshiyuki Sadamoto,,Homem,Japão,2019,4,Mangá,100,Conrad,online
Neon Genesis Evangelion #10,Neon Geneses Evangelion #10,Yoshiyuki Sadamoto,,Homem,Japão,2020,4,Mangá,100,Conrad,online
Neon Genesis Evangelion #11,Neon Geneses Evangelion #11,Yoshiyuki Sadamoto,,Homem,Japão,2020,4,Mangá,100,Conrad,online
Neon Genesis Evangelion #12,Neon Geneses Evangelion #12,Yoshiyuki Sadamoto,,Homem,Japão,2020,4,Mangá,100,Conrad,online
Neon Genesis Evangelion #13,Neon Geneses Evangelion #13,Yoshiyuki Sadamoto,,Homem,Japão,2020,4,Mangá,100,Conrad,online
Neon Genesis Evangelion #14,Neon Geneses Evangelion #14,Yoshiyuki Sadamoto,,Homem,Japão,2020,4,Mangá,100,Conrad,online
Uma pequena casa de chá em Cabul,A cup of friendship,Deborah Rodriguez,,Mulher,EUA,2020,3,Livro,304,Leya,físico
Minha vida (não) é uma comédia romântica,Minha vida (não) é uma comédia romântica,Lola Salgado,-,Mulher,Brasil,2020,3,Livro,349,Amazon,ebook
Amigas para sempre,Firefly Lane,Kristin Hannah,,Mulher,EUA,2020,4,Livro,446,Arqueiro,ebook
Por toda a eternidade,Fly Away,Kristin Hannah,,Mulher,EUA,2020,4,Livro,400,Novo Conceito,físico
O perfuraneve,Le Transperceneige : Intégrale,Jacques Lob; Benjamin Legrand; Jean-Marc Rochett,,Homem,França,2020,4,HQ,280,Apelh,físico
O vilarejo,O vilarejo,Raphael Montes,-,Homem,Brasil,2020,3,Livro,109,Suma,ebook
Joyland,Joyland,Stephen King,,Homem,EUA,2020,4,Livro,240,Suma,ebook
Saga vol.01,Saga vol.01,Brian K. Vaughan; Fiona Staples,,Ambos,EUA,2020,3,HQ,168,Devir,online
Saga vol.02,Saga vol.02,Brian K. Vaughan; Fiona Staples,,Ambos,EUA,2020,3,HQ,152,Devir,online
Batman: O cavaleiro das Trevas,Batman: The dark knight,Frank Miller,,Homem,EUA,2020,4,HQ,516,Panini,físico
Barrier,Barrier,Marcos Martin; Brian K. Vaughan,,Homem,EUA,2020,4,HQ,186,Image,online
Mindhunter,Mindhunter,John Douglas; Mark Olshaker,,Homem,EUA,2020,4,Livro,384,Intrínseca,ebook
Carmilla,Carmilla,Joseph Thomas Sheridan Le Fanu,,Homem,Irlanda,2020,5,Livro,88,KZK,ebook
Sempre vivemos no castelo,We have always in the Castle,Shirley Jackson,,Mulher,EUA,2020,3,Livro,200,Suma,ebook
O rei amarelo,O rei amarelo,Pedro Pedrada; et al.,-,Homem,Brasil,2020,3,HQ,164,Draco,físico
Quando a noite fecha os olhos,Quando a noite fecha os olhos,Mário Cau; André Diniz,-,Homem,Brasil,2020,4,HQ,72,Zarabatana,físico
Presos que menstruam,Presos que menstruam,Nana Queiroz,-,Mulher,Brasil,2020,5,Livro,294,Record,ebook
Morphine,Morphine,Mário Cau,-,Homem,Brasil,2020,3,HQ,112,Independente,físico
Aâma #2,Aâma #2,Frederik Peeters,,Homem,Suíça,2020,4,HQ,88,Nemo,online
Aâma #3,Aâma #3,Frederik Peeters,,Homem,Suíça,2020,4,HQ,88,Nemo,online
Sejamos todas feministas,We should all be feminist,Chimamanda Ngozi Adichie,,Mulher,Nigéria,2020,5,Livro,63,Cia das Letras,ebook
Sangue de Tinta,Tintenblut,Cornelia Funke,,Mulher,Alemanha,2020,4,Livro,560,Cia das Letras,físico
Morte de Tinta,Tintentod,Cornelia Funke,,Mulher,Alemanha,2020,4,Livro,576,Cia das Letras,físico
Memórias Póstumas de Brás Cubas,Memórias Póstumas de Brás Cubas,Machado de Assis,-,Homem,Brasil,2020,4,Livro,368,Penguin,ebook
No meu lugar,No meu lugar,Jorge Castro,-,Homem,Brasil,2020,4,Livro,187,Independente,ebook
Entre estantes,Entre estantes,Olívia Pilar,-,Mulher,Brasil,2020,4,Livro,15,Amazon,ebook
A assombração da casa da colina,The haunting of hill house,Shirley Jackson,,Mulher,EUA,2020,4,Livro,240,Suma,ebook
O enigma de outro mundo,Frozen Hell,John W. Campbell Jr.,,Homem,EUA,2020,5,Livro,164,Diário Macabro,físico
Dom Casmurro,Dom Casmurro,Machado de Assis,,Homem,Brasil,2020,"3,5",Livro,250,Texto para reflexão,ebook
A flecha de Deus,Arrow of god,Chinua Achebe,,Homem,Nigéria,2020,5,Livro,342,Cia das Letras,físico
100 poemas,100 poemas,Carlos Drummond de Andrade,-,Homem,Brasil,2020,3,Livro,410,Editora UFMG,físico
Guia definitivo do Mochileiro das Galáxias,The ultimate hitchhicker's guide to the galaxy,Douglas Adams,,Homem,EUA,2020,5,Livro,672,Arqueiro,físico
Persépolis,Persepolis,Marjane Satrapi,,Mulher,Irã,2020,5,HQ,352,Cia das Letras,físico
O médico e o monstro,The strange case of Dr. Jekyll and Mr. Hayde,Robert Louis Stevenson,,Homem,Escócia,2020,3,Livro,80,Nova Fronteira,físico
Will & Will,Will & Will,David Levithan; John Green,,Homem,EUA,2020,"2,5",Livro,352,Record,físico
Úrsula e outros contos,Úrsula e outros contos,Maria Firmina dos Reis,-,Mulher,Brasil,2020,5,Livro,290,Edição Câmara,ebook
Dia de domingo,Dia de domingo,Olívia Pilar,-,Mulher,Brasil,2020,5,Livro,24,Amazon,ebook
A batalha do apocalipse,A batalha do apocalipse,Eduardo Spohr,-,Homem,Brasil,2020,5,Livro,586,Verus,físico
"Prenda-me, Por favor!",Kaffe med ran,Catharina Ingelman-Sundberg,,Mulher,Suécia,2020,4,Livro,336,Gutenberg,físico
Filhos de Sangue e Osso,Children of blood and bone,Tomi Adeyemi,,Mulher,EUA,2020,5,Livro,550,Rocco,ebook
A morte e a morte de Quincas Berro D'água,A morte e a morte de Quincas Berro D'água,Jorge Amado,-,Homem,Brasil,2020,5,Livro,118,Cia das Letras,físico
O amannhã não está a venda,O amannhã não está a venda,Ailton Krenak,-,Homem,Brasil,2020,5,Livro,24,Cia das Letras,ebook
Oyasumi Punpun #1,Oyasumi Punpun #1,Inio Asano,,Homem,Japão,2020,5,Mangá,240,JBC,online
Beabá,Beabá,Daniel Batista,-,Homem,Brasil,2020,3,HQ,93,Independente,físico
Silenciosa Algazarra,Silenciosa Algazarra,Ana Maria Machado,-,Mulher,Brasil,2020,5,Livro,290,Cia das Letras,físico
A mulher entre nós ,The wife between us,Greer Hendricks; Sarah Pekkanen,,Mulher,EUA,2020,2,Livro,352,Paralela,ebook
A bússula de ouro,Northern Lights,Philip Pullman,,Homem,EUA,2020,4,Livro,365,Objetiva,ebook
A paciente silenciosa,The silent pacient,Alex Michaelides,,Homem,Inglaterra,2020,4,Livro,350,Record,ebook
Rachaduras,Rachaduras,Natalia Timerman,-,Mulher,Brasil,2020,2,Livro,74,Quelônio,ebook
Jóias,Jewels,Danielle Steel,,Mulher,EUA,2020,3,Livro,485,Círculo do Livro,físico
Um defeito de cor,Um defeito de cor,Ana Maria Gonçalves,,Mulher,Brasil,2020,5,Livro,952,Record,físico
Vagabond #10,Bagabondo #10,Takehiko Inoue,,Homem,Japão,2020,5,Mangá,224,Panini,físico
Vagabond #11,Bagabondo #11,Takehiko Inoue,,Homem,Japão,2020,5,Mangá,226,Panini,físico
Vagabond #12,Bagabondo #12,Takehiko Inoue,,Homem,Japão,2020,5,Mangá,224,Panini,físico
Vagabond #13,Bagabondo #13,Takehiko Inoue,,Homem,Japão,2020,5,Mangá,224,Panini,físico
Vagabond #14,Bagabondo #14,Takehiko Inoue,,Homem,Japão,2020,5,Mangá,210,Panini,físico
Vagabond #15,Bagabondo #15,Takehiko Inoue,,Homem,Japão,2020,5,Mangá,208,Panini,físico
Vagabond #16,Bagabondo #16,Takehiko Inoue,,Homem,Japão,2020,5,Mangá,228,Panini,físico
Vagabond #17,Bagabondo #17,Takehiko Inoue,,Homem,Japão,2020,5,Mangá,220,Panini,físico
"Nada digo de ti, que em ti não vejas","Nada digo de ti, que em ti não vejas",Eliane Alves Cruz,-,Mulher,Brasil,2021,5,Livro,199,Pallas,físico
Terra das Mulheres,Herland,Charlotte Perkins Guilman,,Mulher,EUA,2021,3,Livro,253,Rosa dos Tempos,físico
Vitas Sexualis,Wita Sekusuarisu,Ogai Mori,,Homem,Japão,2021,4,Livro,163,Liberdade,físico
Coração de Aço,Steelheart,Brandon Sanderson,,Homem,EUA,2021,4,Livro,376,Aleph,físico
As relações perigosas,Les liaisons dangereuses,Choderlos de Lacos,,Homem,França,2021,3,Livro,480,Penguin,ebook
Eu sei porque os pássaros cantam na gaiola,I know why the caged bird sings ,Maya Angelou,,Mulher,EUA,2021,5,Livro,335,Astral,físico
Mamãe & Eu & Mamãe,Mom & Me & Mom,Maya Angelou,,Mulher,EUA,2021,5,Livro,175,Rosa dos Tempos,físico
Jóias de família,Jóias de família,Zulmira Ribeiro Tavares ,-,Mulher,Brasil,2021,2,Livro,81,Cia das Letras,físico
Quero andar de mãos dadas,Quero andar de mãos dadas,Victor Lopes,-,Homem,Brasil,2021,4,Livro,300,Amazon,ebook
A máquina do tempo,The time machine,H. G. Wells,William Lagos,Homem,Inglaterra,2021,"2,5",Livro,98,LP&M Pocket,ebook